,title,id
0,Stop telling Dads to get a gun,xuhwiz
1,I feel like I'm built to achieve more than my current job.,xuhvt9
2,A student got super giddy and excited when he found out I'd be his teacher.,xuhtz2
3,I am homophobic,xuht4m
4,I‚Äôm 1000 days alcohol free!,xuhq8z
5,Mid life crisis?,xuho6j
6,Dating as a black woman is so hard,xuhmkt
7,"My cats might be bonded, and my roommate and i are moving away from each other",xuhl9y
8,I feel terribly old at 24,xuhl0e
9,My Fianc√© is a force to be reckoned with and I couldn‚Äôt be prouder of her.,xuhjuy
10,My mother told me she didn‚Äôt die because she could hear me talking to her.,xuhgw1
11,"I have been hit by a car, on Friday and Sunday.",xuhgk0
12,Succeeded in the driving test,xuhdyg
13,I think I finally got on her nerves üôÅ,xuhcst
14,I think I‚Äôve gotten addicted to my wife during quarantine,xuhc8c
15,I‚Äôm to tired,xuhai0
16,I don¬¥t have a sexuality. I just want to know what¬¥s wrong with me,xuh96o
17,"People who don't respond or take an absolutely ridiculous amount of time to respond to texts, messages, calls, etc. are rude and insensitive.",xuh8o5
18,I have a habit of eating every last bit of food on my plate due to growing up poor.,xuh8fw
19,This year really broke me down mentally,xuh2yt
20,My name is Lucky and i fucking hate my life (TW),xuh2va
21,My BF ignored my request,xuh1eh
22,Being single has started to take it's toll on me,xuh0r8
23,i sent you a message about parting ways I'd hope you'd stay,xuh0n6
24,Can we stop categorizing ppl pls ?,xugzsj
25,I don‚Äôt like my culture guys‚Ä¶,xugwla
26,My boyfriend cheated on me and I don't know what to do with myself,xugw3a
27,I (25F) turn 26 this week,xugqu6
28,I slept with another man right after my break up.,xugipo
29,I regret losing my v card,xugihj
30,They caused my miscarriage,xug73q
31,I feel like i have no one,xug61r
32,She used my word today,xug3d6
33,I‚Äôm worried about saying I like you to the guy I‚Äôm dating,xug2cj
34,"I did not improve, I could always do it.",xug11y
35,My mom pushed me s*icide,xufzgy
36,I don‚Äôt know what to do anymore,xufwso
37,Having to request help from the police has shown me how utterly useless the are most of the time.,xufub5
38,I can‚Äôt take this anymore,xufsoy
39,You have destroyed me.,xufmwa
40,My mom has cancer and I don't know how to feel.,xufl18
41,I never hung out with my father and am regretting it now.,xufiht
42,What happened between me and my girlfriend (now ex),xufgvt
43,Does anyone know any poisonous substance I can drink to instantly kill myself,xufgur
44,my body can't handle it anymore,xuf9y1
45,I'd give up everything I own to be able to smell the inside of Taylor Swift's boots/shoes and cum inside them,xuf6aw
46,I‚Äôm sick of pple getting away w being horrible‚Ä¶(going to delete but needed to vent),xuf2tf
47,I hate my parents but I still care for them,xueqoo
48,Closure / vent,xueqf8
49,what goes up must come down,xuepyz
50,I took away my families happiness because I struggle with cleaning and my mental state,xueprl
51,Need someone,xuea1f
52,I borderline dated a 48 year old when i was 12-13,xue8mv
53,Ask me questions,xue7z4
54,I can't tolerate it anymore.,xue6ae
55,Mum a stubborn narcissist,xue3c6
56,I thought this would fix how I felt,xue1sb
57,I think need to let you go,xudxxc
58,"I lied to destroy my friend's ""genetic confidence"" and he tried to end his life.",xudvuw
59,Have you ever felt this way?,xuduhe
60,i feel like i‚Äôm making a mistake by not going to college.,xudtqy
61,I found out 1 hour before my admission exam that my ex cheated on me. This changed my whole future and I cannot forgive him.,xudrcb
62,Gratitude post 1,xudpdg
63,Can anyone here understand my rant or reason with it? No one to talk to In real life including family.,xudnft
64,crying at 1 am ü§™‚úå,xudj0g
65,TESTED NEGATIVE FOR DENGUE!!!!,xudh3v
66,"Depressed, rethinking my life because of my attachment issues with women",xudgt4
67,In truth I‚Äôm angry that he left,xudg48
68,"I don‚Äôt like my parents,",xudeus
69,I‚Äôm very attracted to my roommate,xudesd
70,i need to get over her,xude8u
71,60 pounds lost but still no self confidence,xuda1v
72,Story of my life.,xud9oz
73,I feel like people hate me for being quiet,xud93h
74,I‚Äôve been diagnosed with Diabetes and I feel like I lost a fight I wasn‚Äôt even ready for,xud4mq
75,I'm 16 and i'm ready to die,xud3dr
76,Screw you pal,xud0qn
77,my delusions are ruining my life,xucw8j
78,"I think I'm going through another mental breakdown. It's been a while, and I'm low-key worried I'll lose my job as a consequence.",xuctje
79,I hate zodiac-sign crazed people.,xucrvk
80,The past 2 months have been absolute hell,xucrid
81,Can't wait for old tinder hook-up to die,xucnur
82,I've never made a true romantic connection and I worry that I never will.,xuclqf
83,To the man I met at our mutual friends wedding last night,xucj48
84,I don‚Äôt feel love towards almost anyone,xuch78
85,My(32F) partner(33F) of 6 years ended our relationship.,xucfko
86,cant think of what I was thinking,xuceoa
87,To my future girlfriend.,xucduy
88,Stop letting your small dogs get away with aggressive behavior,xuc7d5
89,I think that the people who are sexualizing/Romanticizing are serious red flags,xubz1t
90,i don‚Äôt feel love like i‚Äôm supposed to,xubx7e
91,"I have this dream I'm trying to follow, but I have a health issue directly in the way",xubqed
92,La Douleur Exquise,xubkpm
93,Just feelin lonely,xubjmn
94,I lost my v card,xubio0
95,I had a victory over my abuser,xubhkz
96,I think I've fallen in love,xubf06
97,I‚Äôm sad about the way my friend talks to/about me.,xuber2
98,I'm tired of the birthday fight every year with my husband,xubega
99,Alive for another day,xubddm
100,One of my best friends told me he liked me as a prank,xubciv
101,Im tired of my family,xubcbx
102,I (24M) have been with my girlfriend (21F) for 3 years. I love her but I miss being single.,xubawn
103,I'm crushing hard on a guy,xub81e
104,I (18F) am sick and tired of everyone treating me so nicely after my S*xual assault,xub6np
105,I‚Äôm tired of being toyed with,xub5na
106,I think something bad is going to happen to me soon,xub47o
107,I‚Äôm sick of being me,xub3du
108,I have a crush on my FWB,xuaxxb
109,I want more,xuawjn
110,am i tripping or are we starting to experience the collapse of industrial society,xuauzi
111,all of my friends hate me and it's my fault,xuauc8
112,"I just shaved my beard off, i regret it so much",xuat40
113,I love my job,xuas6j
114,I hate my life,xuar72
115,I'm feeling horrible because of my family and friends,xuaqr5
116,a girl I've been crushing on is moving to Scotland and I'm devastated,xuaqe6
117,Furies are weird as fuck,xuao4h
118,It‚Äôs so exhausting to be in love,xuan4m
119,I have never had any friends,xuajqt
120,(21M) Feelings For A Friend And Not Sure How To Pursue Them,xuaj7m
121,my unfortunate year so far in bullet points,xuagsc
122,Desperate need of help,xuaeb8
123,I was scammed out of 300$ and I did nothing wrong,xuadx3
124,irresistible urge,xuadat
125,Ghosted by friend after my dad died,xuad69
126,My mother has clearly shown favoritism to my sister all of our lives and refuses to admit it- it‚Äôs actually damaging my mental health now.,xuacin
127,there's no comfort tonight,xuabz9
128,Unworthy of love or a relationship,xua71n
129,I failed my last semester of nursing and I‚Äôm scared shitless to return,xua6y3
130,new into relationship.,xua3yg
131,I started to show my girlfriend less affection because she isn‚Äôt affectionate towards me.,xua04n
132,22 year old mum and I want to kill myself,xu9yqa
133,I didn't get to eat my cantaloupe and I'm sad.,xu9yhq
134,I hate myself so much,xu9xrg
135,22 years later and I still feel guilty,xu9vvo
136,how do i ask for therapy as a teen (parents),xu9vtz
137,I'm tired of existing.,xu9ru7
138,Insecurities,xu9rq1
139,I think my ex-friend liked me,xu9q8l
140,I have a crush on this guy,xu9ovg
141,I'm so sick of this LGBT stuff.,xu9ncn
142,I‚Äôm scared I fucked up by getting off my meds.,xu9kp3
143,I was molested at 7 and I hate my brother,xu9jj9
144,Soon to be Father in Law tried to kill himself with the goal of having me(25) and his daughter(25) find him,xu9i9g
145,fell in love with a girl that has a boyfriend,xu9i87
146,"It's my last straw, my final Goodbye",xu9gwd
147,I've dedicated the rest of my life to help others and give back to the community but I still feel so very alone,xu9clm
148,Fuck u sex work I hate u,xu9ax9
149,I'm so fucking bitter and I hate it,xu9aa6
150,I miss him.,xu97si
151,I am head over heals for this girl and I don't know what to do,xu9563
152,Every day is an eternity spent without him.,xu91zl
153,I just witnessed a person in front of me have their food declined,xu8xvj
154,I hate my life. And no one knows it,xu8wi6
155,I'm (22f) is always fantasizing about sleeping with close friend (23m),xu8vus
156,I don't have anyone to be with,xu8un9
157,I'M QUEER,xu8ue2
158,I feel like my dad is an empty shell of himself.,xu8t16
159,I found my dads porn drive,xu8qll
160,Found some old photos from my first serious relationship. Discovered I‚Äôm not as put together as I thought.,xu8n96
161,im paranoid from something that happened to me as a baby.,xu8m7j
162,I know it‚Äôs over,xu8ju8
163,My friend attempted suicide via overdose yesterday and I can‚Äôt help but feel like I failed her.,xu8i44
164,"i am so awfully embarrassed of my teeth, and dread my next orthodontist appointment.",xu8g21
165,I can‚Äôt trust anyone,xu8fow
166,Hurricane Ian made me more skeptical of the people who I considered my friends.,xu8fng
167,Transferred to new school and I feel sad,xu8fhz
168,When do daddy issues go away?,xu8ema
169,My Mind has gone off the deep end,xu8bzj
170,my boyfriend had a breakdown after dream's face reveal,xu8bwi
171,Don't know what I'm fighting for.,xu8bdu
172,Homophobic parents,xu8797
173,I‚Äôm in love with my roommate,xu86my
174,I'm lonely and trapped.,xu86av
175,stupid fucking uti,xu8662
176,I did weird stuff when I was younger,xu8514
177,Just had sex for the first time,xu84ei
178,Having to cut off someone you cared about deeply is a traumatic experience,xu82rz
179,I deleted all nude photos from my husbands phone,xu81el
180,I still blame myself for them leaving you,xu801n
181,my breakup is torturing me,xu7zty
182,Who knew flipping a coin could cause so much disfunction,xu7xnz
183,Why do I spend most of my time thinking about the pain of others and crying?,xu7wt3
184,My boyfriend texts be goodnight every night before he goes to bed,xu7v82
185,Feeling depression with tight hands,xu7uvi
186,I‚Äôm broken,xu7ttd
187,a slightly different post about a relationship.,xu7ro0
188,It‚Äôs not a size problem,xu7pr4
189,I feel like I'm surrounded by the wrong people,xu7n0p
190,Really torn up after a breakup and cant sleep without thinking about my ex and getting sad,xu7kv5
191,I think my friend and I are drifting away,xu7g39
192,"People are telling me things genuinely, but I have a hard time believing it all; I almost cried getting a haircut.",xu7fp1
193,"""I'll do this later"" but it is never later.",xu7fo4
194,My girlfriend chose Dream‚Äôs face reveal over having sex with me.,xu7esr
195,For the last couple of months I feel like I'm slowly falling apart,xu7e1y
196,I want to stop taking my medication,xu7dc6
197,I am only 14 and I am deeply in love with my friend and it hurts more than anything.,xu7aq6
198,going to the gym has ruined my life,xu799r
199,Tired of being invisible,xu794p
200,Being trans is the worst thing that I've ever had to experience.,xu75qx
201,What happened to me at 16.,xu75jp
202,I‚Äôm being used,xu6zsq
203,I have disturbing thoughts. I'm worried.,xu6z9h
204,I don‚Äôt know what to do,xu6wle
205,I just don't like this world,xu6wi6
206,"Just had my first sexual encounter, and I‚Äôm not sure what I think of it.",xu6ty4
207,I don't love anybody,xu6tkz
208,My beloved dog passed away yesterday,xu6s0q
209,I‚Äôm sick of my niece and she‚Äôs dead to me,xu6rc2
210,I think my mom thinks I'm going to rape or molest my little sister,xu6qzr
211,I found out my husband cheated on me through an anonymous text!,xu6oaj
212,I got a boner when my aunt farted on me at the Christmas party,xu6nm4
213,Message me please...,xu6n2x
214,I hate that my siblings have access to the internet,xu6lk6
215,18 and have embarrassingly horrible teeth.,xu6lgv
216,My boyfriend is no longer attracted to me,xu6k7k
217,My high school gpa is destroyed because of online learning.,xu6gyz
218,Brazil is a horrible country and I can't stand it no more,xu6foz
219,Family sweeps major things under the rug,xu6f8g
220,"Has anyone had the experience of making date plans, only to be ghosted after? üôÉ",xu6f52
221,i'm incredibly jealous.,xu6enp
222,i mean...maybe,xu69tu
223,I Feel Like a Financial Burden,xu68x3
224,My ex cut my off off from anyone I‚Äôve ever been close to,xu65q6
225,my friend looks like my cousin and i don‚Äôt know what to do,xu63zh
226,Happy encounter with old classmate,xu62x5
227,He's unfaithful to me without actually cheating,xu5zv4
228,"I'm 15, and I've given up on my future.",xu5wij
229,i feel like I'm boring,xu5uza
230,I'm obsessed with Lola from Shark Tale,xu5ui9
231,I‚Äôm consumed,xu5tou
232,I wanna run away from my toxic family but I can't.,xu5tet
233,I am so over it,xu5rxi
234,I found a book that re sparked my creativity and I feel like I have the imagination of a child again,xu5put
235,I‚Äôm tired of being the joke of my family,xu5ppu
236,I don‚Äôt know what I look like,xu5nqr
237,Africa vs us,xu5lr7
238,I miss being treated badly by my ex partner,xu5lhc
239,Period poops are brutal,xu5ldy
240,So Nervous About A Mistake At Work,xu5lc7
241,Drunken thoughts...just because,xu5kt3
242,i dont know what to do anymore.,xu5guz
243,"I feel alone and lost, and I'm guilty for feeling like that",xu5fx4
244,I feel like my boyfriend doesn't like being around me.,xu5dfz
245,I‚Äôm rapidly going deaf and it scares me.,xu5d8i
246,I just can't handle how cruel people and the universe are.,xu5cyk
247,Friend grew success after unfriend me,xu5bl4
248,I threw up on my Boyfriend,xu5a20
249,I have a dead cat in my freezer,xu57vu
250,We broke up,xu54of
251,Does he like me or are we just friends?!,xu52ez
252,We have a way of reverting to our younger selves around family.,xu510f
253,I'm SICK of being told I look like a little girl,xu503w
254,He‚Äôs engaged to his affair partner.,xu4zio
255,Why do I feel like this?,xu4v4x
256,i (18f) feel like my bf (19m) is lying to me,xu4te8
257,I don‚Äôt care that some slave owners flute is getting played,xu4rd7
258,I hate that I have to smile and act all bright,xu4mnf
259,Having ed problems as a 19yo male,xu4k29
260,"i was abused, now im afraid of women.",xu4k0y
261,Scientology destroyed my brother's life,xu4jmf
262,I was sexually abused as a child and I never dealt with it. I‚Äôm now always suicidal and empty.,xu4j4c
263,I have a brain tumor and I'm not sure I'm gonna tell people.,xu4i3c
264,"my mom thinks my ex-best friend is willing to ""make amends""",xu4i2x
265,I can't do my work properly,xu4el4
266,I feel like my emotions have been reactivated.,xu4csc
267,Frusturating,xu421r
268,All signs of depression,xu40qc
269,I Blocked Them And I Feel Much Better,xu3ym8
270,Vent about my life just bcuz,xu3ygh
271,My cat is dying,xu3w3j
272,I cry every night with my baby right beside me,xu3uij
273,My friend is going down the wrong path and I‚Äôm worried.,xu3oh9
274,I have attempted to kill myself and I want to try again.,xu3mju
275,i cant stand my best friend,xu3l6n
276,I broke my best friend's arm,xu3klf
277,Separating and my heart hurts,xu3imk
278,My parents are about to get a divorce and I can't handle it anymore,xu3ie9
279,A woman I still love just got married. And I had to congratulate her thru Instagram.,xu3fox
280,A woman I still love just got married. And I had to congratulate her thru Instagram.,xu3fj3
281,Gift for my mother,xu3fgg
282,I hate my dad.,xu3dx3
283,I love my family but I'm not happy with them,xu3dms
284,My husband is so selfish,xu39pk
285,"don't wanna kill myself anymore, but...",xu38mx
286,My fianc√© self harms and I don‚Äôt know how to help,xu35id
287,my great grandma is dying and im scared to paint her nails,xu34gu
288,I‚Äôm 1 week clean from smoking weed,xu34e1
289,Can someone just tell me that everything‚Äôs going to be okay? Please,xu33r4
290,I have always suspected that I was date raped but to this day I am unsure.,xu32sk
291,We need an objective opinion about what should we do?!,xu31ns
292,I hate my friend for how she treats me.,xu31fc
293,My mom gave me an eating disorder and now wants me to get treatment,xu3139
294,I need to change or I'll die,xu2wf4
295,my best friend is being groomed,xu2ucc
296,I have a ton of stress building up right now,xu2su6
297,"just realized why I've always wanted to be ""strong"" so much",xu2rcn
298,I feel like a bad girlfriend,xu2ng2
299,I have an online friend who I know is going to kill herself and I don't think I can do anything to help her,xu2m9v
300,Feeling stuck need somebody to share to,xu2j71
301,I left my emotionally abusive boyfriend,xu2eu4
302,I think I am in love with a man,xu2ef3
303,I wish I was gay or bi,xu2b7y
304,My brother raped me,xu2arq
305,I need ways to cope,xu23lp
306,Nobody I know really understands autism,xu238z
307,My bf hits me,xu1utl
308,So close to being done. Would really appreciate someone to talk to.,xu1u33
309,This is my villain origin story.,xu1sz7
310,I want to find my groomers girlfriend.,xu1r23
311,I offended my college roommate and she moved out,xu1qg5
312,I know my family will be better off without me,xu1o9d
313,been thinking a lot about dying lately,xu1nqe
314,I feel alone,xu1m8s
315,"online ""friends"" called me sensitive and an ""easy target"" and i can't get over it",xu1kuk
316,You make me feel like shit,xu1kjq
317,painting is stressing me out,xu1k57
318,I no longer feel loved by my girlfriend.,xu1h4f
319,Im going to attend a protest and I might get killed or captured.,xu1fo1
320,"I made a failsafe for if my parents get too much, which I honestly never saw myself doing.",xu1ffr
321,I fucking hate cancer!!,xu1e9l
322,I hate living with my sister and her ex-ish boyfriend,xu1czh
323,I feel very unsafe at work because of a coworker,xu1bqk
324,I wish there was a way to give a trigger warning,xu1ayw
325,I am in love with someone who doesn‚Äôt love me back,xu1ac9
326,Do you believe in spirits/ghosts?,xu16zw
327,"Lost a bunch of weight last year, gained half of it back this year, and now the expensive winter coat I was gifted last year doesn‚Äôt fit.",xu14go
328,My final attempt.,xu13yy
329,Not gonna be a good person anymore,xu11im
330,I was so wrong,xu0zpa
331,My friend who is a guy and married to a woman hit on me repeatedly and Im a guy.,xu0vkq
332,Why am I so toxic?,xu0vjz
333,My best friend and I are drifting apart and it feels terrible,xu0t3w
334,I don‚Äôt think I can love him or myself anymore,xu0s84
335,My ex genuinely disgusts me,xu0p1a
336,Don‚Äôt know what to do but I know I‚Äôm wasting my life,xu0mwr
337,What can i do?,xu0mec
338,"I hate those ""what would happens if men/women disappeared off this planet"" scenarios",xu0jb8
339,I‚Äôm living in filth and can‚Äôt find a way out,xu0hu7
340,Hair dresser dissed me during the haircut,xu0hme
341,This girl thought I liked her but I just wanted to be friends,xu0ehl
342,I feel like i'm never going to break the cycle of meeting toxic condescending people.,xu0e78
343,I feel so tired,xu0cc0
344,is it valid to sniff my boyfriend's dick to check if he's cheating on me?,xu0bhp
345,I‚Äôm a Christian but I almost paid for an escort,xu0bbn
346,My grandpa died and I haven't seen him in over 2 years.,xu0a8d
347,Ending it,xu067o
348,I just need to get it out of my system,xu021h
349,Am I the problem? Why is my relationship with my parents so rocky?,xu01on
350,The Family Curse (TW - Mental Health Everything),xtzzi8
351,how to say nobody in Latin,xtzzg9
352,A letter to the ex I left behind,xtzw01
353,I was a part time hooker and my SO didn‚Äôt know about it,xtzt7i
354,I spent 11 years sick and no one believed me until today,xtzp6b
355,My whole relationship was a lie,xtzmbj
356,My old friend is dying,xtzm4n
357,Sometimes I dont know if i treat my sister badly or if its just a excuse for her,xtzkle
358,"To my ex, to my first love. Fuck you. (Explained in more detail).",xtzefj
359,Face to Face With God,xtze33
360,I love you but...,xtzded
361,I hate being a ugly woman,xtzcg2
362,I am currently 2nd best in my grade,xtzah5
363,Nausea or social anxiety,xtz8nd
364,I‚Äôm worried for my friend,xtz7yk
365,Do I have ADHD?,xtz7ua
366,"Today I saw something that wasn't right, and my mum is justifying it. (I need advice)",xtz71a
367,i hate every guy in my class,xtz6dw
368,I am in love with my guy best friend.,xtz451
369,Thinking about joining an obvious cult,xtz1pu
370,My little cousin is a psycho,xtz1o4
371,"My sister wants an otter, dear god.",xtz15e
372,A new employee at my workplace was offered a full time position from day one while I had to wait almost a year,xtyznr
373,I'm lonely,xtyyc9
374,I'm madly in love with him,xtyvoh
375,Why does my dad keep playing these mind games?,xtytc5
376,My daily thoughts.,xtyta4
377,I wasn‚Äôt considered family at my brothers wedding,xtyqdz
378,I'm so afraid of the world right now,xtyqak
379,One of the worst feelings for me.,xtyldd
380,"Too much problems, I feel overwhelmed by everything.",xtyii7
381,"I just want to be hugged, i bet you do too...",xtyh8x
382,I don't know what to feel,xtyg2g
383,people who wear crazy fake eyelashes look ridiculous,xtyfqn
384,My boyfriend had a huge thing for asian girls,xtyexh
385,My boyfriend had a huge thing for asian girls,xtyeu6
386,I feel unsafe in my own body and mind,xtybbt
387,I Feel Constantly Reminded That I'm Just a Body,xty9bu
388,I‚Äôm barely keeping it together,xty8kt
389,Long distance ends relationships and I‚Äôm never doing it again,xty7rb
390,I (m) think my fianc√© (f) is/was a pornstar,xty6y1
391,I can't be happy in any way,xtxzwd
392,I didn't plan on living this long and now I'm lost,xtxytd
393,I hate living with my parents.(Vent),xtxykj
394,I sa'd my now ex and I hate myself,xtxy69
395,my friend fakes mental disorders,xtxv7u
396,Getting married in less than a week and just lost my last ovary. I'm in shock. TW: infertility,xtxtzx
397,Remembering my sister,xtxt0j
398,I don't know if earning more money is really worth it,xtxslv
399,I‚Äôm scared of falling in love again,xtxrge
400,embarrassing myself at taster session,xtxp5u
401,I am weird. I am unstable and disfunctinal,xtxoi2
402,Have anyone read Emotionally Immature Parents by Lindsay C. Gibson? Have anyone given this book to their parents and/or Significant other?,xtxlnc
403,I am above average in my state and I am so proud of myself,xtxl37
404,fuck dating,xtxk8x
405,Always Switch your phone off when drunk,xtxk2g
406,i think i fell for my best friend over a game of gay chicken‚Ä¶,xtxjxl
407,I don't know why am I even here because I don't know whats wrong or was it even real,xtxjww
408,"I swear, One day I won't ever be in a relationship where I can't stop or take a break.",xtxi2b
409,I got back with my ex bf,xtxhj9
410,"I've come to absolutely loathe the ""x is a skill"" narrative",xtxgdp
411,I don‚Äôt understand sexual trauma,xtxcg3
412,I Feel Like my brain is sabotaging my entire life,xtxby5
413,"To the girl who complimented me at work, thank you",xtxbge
414,Confronting my father tomorrow,xtxau5
415,finally in my own spot,xtxalg
416,do i have to feel bad about a thing i did as a kid?,xtx9lc
417,i don't knkw what to do,xtx9fe
418,I called out my mom on her shitty parenting and she tried to justify it,xtx9ci
419,"My girlfriend farted when I picked her up, first time around me. It smelled absolutely unholy.",xtx8wy
420,Scavenger Hunt,xtx8ku
421,Soon to be professional boxer. But having second thoughts.,xtx7rp
422,Feeling awful about having to reject a girl,xtx771
423,a letter to my sober self <3,xtx0se
424,I want to help my girlfriend,xtx0iq
425,I stay in dead relationships way longer than I should,xtx0es
426,I gave a stranger a bj for money and now I feel disgusting.,xtwroh
427,Early Life Crisis and Terrified of The Future/Success,xtwnzq
428,I've hated my grandmother my entire life and always will.,xtwko5
429,My ex said his love has changed and left me again,xtwhoi
430,I was going to allow my friend to die,xtwgtr
431,doubting my bff even likes me,xtwbdg
432,What do you want me to do,xtwb4e
433,happy I‚Äôve finally blocked him,xtw6z1
434,I'm breaking up with my gf for no reason,xtw3p4
435,"This ‚Äúsupposed‚Äù friend of mine, keeps telling me when he posts his dick on reddit and I can‚Äôt give less of a FUCK.",xtvzwl
436,I want to cut off my so called ‚Äúfriends‚Äù but if I do I‚Äôll sit alone at lunch what should I do?,xtvwby
437,I feel guilty for feeling this way,xtvvqo
438,Dreams Do Come True & Miracles Can Happen Everyday...,xtvqi2
439,I'm upset that I have to choose myself,xtvqaw
440,my sister who SA-ed me dates people who look like me or have my hobbies.,xtvl1x
441,I found my neighbors cat,xtvdgo
442,I hate the girl that ive seen as my 'best friend' for the past 7 months,xtv8w4
443,I need help because life isn't going well,xtv8np
444,I like the show Friends but I don‚Äôt think it‚Äôs funny.,xtv7k7
445,I've become more independent than my partner.,xtv71o
446,Shut up and deal with it,xtv1wl
447,I need advice to control my curiosity,xtv10j
448,"I got overly committed in a romantic relationship, and now that it's gone, I don't know how to cope.",xtv0ji
449,i dont understand myself,xtuz5d
450,I want to buy a sex toy,xtuv7u
451,I told my Dad we‚Äôre done,xtuty1
452,I don't know if my relationship is worth salvaging,xtutb3
453,me and my female friend punch eachother as a joke,xtupnm
454,My Bike got stolen from the train station,xtup87
455,I slept with my best friend‚Äôs ex,xtuiel
456,my mom just caught me smoking weed,xtufym
457,Having a tough spell of depression. I need to get this out,xtufsg
458,Friends stood me up,xtucg5
459,No one remembered my birthday.,xtub8u
460,I need to learn how to show love better,xtu825
461,It irritates me that all songs need to be covered in lounge version.,xtu7cz
462,sugar mommy,xtu72c
463,Fuck you for making my feelings feel invalid.,xtu4gw
464,Feeling kinda crushed,xtu365
465,i wish i had a normal childhood,xtu2d3
466,My grandpa passed away this week and my family are making me feel awful for not trying as hard as I should have with him,xtu0kz
467,My brain is trying to kill me,xttzpj
468,I hate my family (TW: mentions of sui**** and self harm),xttxyh
469,Just wanted to share bc im a little sad remembering this‚Ä¶,xttxd7
470,I really REALLY dont get the appeal of drinking,xttuq5
471,I think I'll never find love,xttomf
472,Confidence and self-esteem issues,xtto0n
473,"It'll be almost 2 years with the man who saved my life and now, I'm gonna save his.",xttmq6
474,im planning on beating the shit off of my close friend for doing thing with someone i dam there loved.,xttleb
475,I want my boyfriend to do things I don‚Äôt ask him to,xttkw7
476,High-school is kinda lonely,xtthd4
477,i miss my dad,xttehu
478,I‚Äôm tired and I just want to rant because I have no one I can trust,xttce4
479,I‚Äôm not living for myself and I want out,xttaxp
480,"It's been a long scary, frustrating, and draining week...",xtta1v
481,i fell out of love with my gf,xtt975
482,should i break up with her,xtt66j
483,celebration ruined,xtt3p2
484,I want to go ghost on my dad but i'll feel horrible,xtt00c
485,My sister doesn't like me at all.,xtsu5s
486,"If I were to die now, no one would ever know the real me",xtsmjw
487,"Bikers, please know you leave after you a trail of terrified crying babies and desperate parents.",xtslld
488,I‚Äôm probably over reacting but I just got Sex traffic vibes,xtslgn
489,Does waking up everyday ever get easier?,xtsi6c
490,I hate a girl for using me to cover her infidelity,xtsdru
491,Feel empty sometimes,xtsc25
492,Learning what a piece of shit my absent father is,xts6gr
493,How do you stop ruminating on past arguments/negative interactions with people?,xts5n6
494,I my Boss‚Äôs wife on Tinder,xts5af
495,I am unsure how I got an std,xts2oa
496,"""That, what f'ing wholesome!"" - What? I just did my job!",xtrzwm
497,My father is slowly going insane and I'm becoming scared of him,xtrzku
498,I'm sad and angry that people went out together without me,xtrz4c
499,terrified of going to school,xtrwq1
500,I've been sober for over 8 months.,xtrw8u
501,My boyfriend received a text from some girl I‚Äôd never heard of,xtrudu
502,Everyone I know keeps cheating on each other,xtrp8r
503,She cheated on me,xtrjwu
504,My little brother is constantly crying due to our family history,xtrh45
505,I only wanted to go to the cinema,xtrflv
506,i think i don't care that my uncle passed away,xtrd3f
507,3 people are coming to my 16th birthday party,xtrcgi
508,I have been sniffing my grandma in laws under wear,xtra4d
509,Im glad i cheated on my ex,xtr7sq
510,I think i'm catching feelings to someone i'm not supposed to,xtr6wa
511,my boyfriend is leaving to travel the world next week. i only found out last night.,xtr5jj
512,Ghosted‚Ä¶,xtr0mg
513,I am really sad that the kind of love I am looking for just doesn‚Äôt exist anymore.,xtqus8
514,I yearn for connection and feel deep apathy towards life,xtqszw
515,i dislike how people online assume youre radical for not agreeing with them on everything.,xtqpim
516,"I was invited to a board game night, only to have to watch others play",xtqpfi
517,I have a huge remorse for a bad racist joke i said almost 3 years ago.,xtqo2b
518,"My best friend has changed for the worst, and it's breaking my heart.",xtqnb1
519,I stabbed someone and need help,xtqjqu
520,"I had virtual sex, sext, masturbated with someone I met on Reddit and she blocked me after",xtqja6
521,I feel like i‚Äôm in the matrix sometimes,xtqgkp
522,i wish i had died in december of 2021.,xtqakf
523,My gf did something that crushed me and I don't know how to survive these feelings,xtpzcv
524,GRABE!! HINDI KO ALAM KUNG BAKIT!!,xtpunq
525,My girl shattered my confidence,xtpthw
526,I don‚Äôt claim my body dysmorphia.,xtpsmu
527,My mother disgusts me.,xtpqyy
528,My friend is a terrible dog owner,xtpq2z
529,Possibly the my worst day this year,xtpng6
530,I hate how stupid I am,xtpjzv
531,i think im in love and im starting to resent my bsf,xtph2f
532,Here we go.,xtpaf9
533,"this shit is way too heavy for a 14 year old, dont you think, god?",xtp7od
534,I'm scared to talk about my interests,xtp4c6
535,I‚Äôm so tired of trying,xtp3i6
536,an insta model my bf follows moved into the same flat block as us,xtp2zs
537,I can't see my gf despite only being 30 mins away from her,xtoyhp
538,I think my 5 year relationship is over. At least on my end,xtowoz
539,I'm sick of websites trying to deter me from rejecting cookies,xtowe4
540,November 4th can't come any faster,xtoonq
541,Nobody is happy for me and my relationship.,xtooar
542,I‚Äôm a narcissist,xtoifs
543,my partner is abusing me and I can't escape,xtoi8g
544,I have no meaning in life,xtoi5u
545,I hate my family and myself.,xtofh9
546,"I feel defeated, tired and am close to giving up",xtoe5h
547,I struggle with my weight and it makes me hate fat people.,xtobi2
548,She's getting married,xtobb3
549,Do I just want male validation?,xto6uf
550,"I don't want to learn how to drive, but everyone keeps harassing me to do it.",xto0si
551,I am really uncomfortable with a boy who likes me. PLEASE HELP ME DEAL WITH THIS :(,xto0rr
552,My best friend attempted suicide,xto0g1
553,I hate my mother and I think it‚Äôs time to cut her off.,xtnxv0
554,I finally slept,xtnxb2
555,I am a failure and I've screwed up my education,xtnsuu
556,my life is falling apart,xtnn9g
557,How do you stop yourself from giving up?,xtnbgw
558,My partner doesn‚Äôt want marriage or kids and it‚Äôs eating me alive.,xtn7o2
559,Did my father accidentally touched me or was it on purpose?,xtn6xl
560,Did I do something wrong?,xtn6i2
561,Happy birthday lady.,xtn5a8
562,I have intrusive thoughts about going on a spree,xtn27i
563,"Completely cut off a teenager I know, feel awful",xtn1qn
564,"I just don't know anymore, I need a change, but I'm just not sure what to do",xtn1gw
565,I'm tired of not being wanted by anyone.,xtmz89
566,My brother and his fianc√© threw all my shoes/addtl items from our apartment,xtmy5t
567,My mother is such a psychopathic bully,xtmxyz
568,My Fianc√© doesn't want me to post our prenup photoshoot and video,xtmvrx
569,My brother keeps stealing my sex toys,xtmqhd
570,I don't know how much longer I can do it,xtmpck
571,want a relationship,xtmnbt
572,I cut everyone out,xtmmen
573,Having breakdown right now. Send help. Or an embalmer will do.,xtmlq6
574,Love the customers but they need to understand‚Ä¶,xtmg6j
575,How to accept loneliness?,xtmf81
576,My boyfriend(23) has never given me a birthday present.,xtmdmr
577,I made my parents argue again,xtmbzq
578,Broke up with him a month before our wedding. Just found out he‚Äôd been having an affair for months beforehand,xtmbcr
579,"Tomorrow is the 1st day of university, I dont know shit and I wasted the entire summer",xtm9lw
580,What do i do,xtm8cq
581,On the verge of giving up,xtm5u4
582,"It‚Äôs a bad day, not a bad life",xtm4iz
583,I‚Äôm alone with the kids and I‚Äôm falling apart,xtm2zy
584,pills and stuff,xtm1fy
585,"I‚Äôm obsessed with my ex best friend, and I don‚Äôt want to be",xtlz9d
586,I'm really fucking tired all the time,xtlyey
587,I am going insane and have nowhere to turn to,xtlvov
588,I think I'm a pretty shallow person,xtlu5y
589,Currently in my driveway.,xtlrys
590,december 3rd 2021 i should have died,xtlq4t
591,I feel lost,xtlnfh
592,Co worker teaching me new job is destroying my confidence by telling me when I am wrong but not explaining why,xtlm3d
593,Do you think I deserve a happy life?,xtlfjv
594,I love my grandad,xtlfed
595,I don‚Äôt deserve to be a virgin,xtleii
596,Today at 22 yo after a whole life being a single child my father told me I have a step-sister of 15-ish yo,xtlb7w
597,I just want to let this out,xtlafc
598,Nobody talks about how It‚Äôs hard trying to heal from a abusive parent who has changed.,xtl9yq
599,My best friend is abused by his dad,xtl7l4
600,overprotective parents suck,xtl4n5
601,Today I found out my friend has told the story of me being sexually assaulted to peers in college,xtl2ti
602,I'm heartbroken to see you so heartbroken,xtl24f
603,I can‚Äôt be around people in relationships,xtl0si
604,i am a catfish,xtkz20
605,I hate being the new Indian kid,xtktt5
606,I cannot stand it when my fingers touch and it‚Äôs affecting my life badly.,xtkrom
607,Confused about friendship with (female) coworker,xtkrbq
608,My mom says I keep getting fatter and fatter. (Tw for ED stuff),xtkium
609,I'm too lazy to do my physiotherapy excercises,xtkeco
610,kinda lonely,xtkbio
611,Seething,xtka9d
612,Mandatory Stoicism.,xtk7i1
613,I would carve Mt Everest out with a spoon and eat it all just to be able to suck his dick rn,xtk76j
614,I hate listening over and over about my friend's stupid ex,xtk6e5
615,I keep getting harassed when I go out and it's affecting everything I do.,xtk1ww
616,Toxic cycle,xtk1td
617,Tomorrow I‚Äôm going to use my grandpas death to get out of a sticky situation,xtk0sx
618,honestly so tired of being a woman at this point,xtjy5e
619,I hate relationships and people,xtjk8y
620,I am lost,xtjk3q
621,I really liked you‚Ä¶.,xtjhs9
622,Why Try?,xtjhg7
623,School has ruined a book for me,xtj7il
624,I‚Äôm still in love with him‚Ä¶. 6 years later,xtj6cq
625,I really want to fuck that man,xtj66k
626,"I‚Äôm never getting that $1,800.",xtj5j8
627,I‚Äôm tired of spiraling all the time,xtj3hy
628,"Universe, please help me",xtj1cm
629,I‚Äôve never fit in.,xtiwl8
630,TIKTOK NEEDS TO BE HEAVILY REGUALTED FOR THINGS LIKE CHILD PORN,xtiwgr
631,My mom is taking money out of my savings but I don‚Äôt care,xtitdy
632,horrible breakup: I am going through the worst period of my life.,xtiqgt
633,I thought this year would be the year,xtiolh
634,Almost everything feels like a chore,xtim5i
635,Sudden desires,xtilaq
636,Everyone I love is dying or gone,xtijuy
637,damn this sub,xtijf4
638,i feel horrible being single... 22M,xtij1x
639,I dont think im a good father,xtifzv
640,Huge trigger warning. Su**ide,xtie2x
641,I hate my father's lack of education and his love for his siblings,xtidia
642,I hate my ex-friend and want to ruin her life.,xtibtr
643,My mind has been spinning after finding out my first love married,xtibfc
644,"The only reason I haven‚Äôt done it, Is because I can‚Äôt imagine the pain I‚Äôll cause.",xti4ht
645,driving is so hard for me :(,xthyge
646,I reported my parents as child abusers and now I regret it,xthw5b
647,I have been consistently seeing my grandpa on his deathbed,xthpk9
648,im pretty sure my highschool boyfriend stalked me,xthog3
649,I feel like everyone hates me for the way I am and the order I want my stuff in,xthn9j
650,my toxic little brother,xthl9w
651,I hate living with my Partner also struggling to maintain friendships,xthkf4
652,"I love my mother dearly, but",xthixq
653,"My dad died, and now I‚Äôm afraid I‚Äôm going to die too.",xthhz4
654,this is my suicide note,xthe50
655,I don't know how long I can take it for,xthdet
656,I hate when people tell me to man up,xthcfh
657,Intrusive Thoughts,xthc8z
658,Our Friendship Is Destroying Us Both,xthc0k
659,It's my birthday and I feel hollow,xthbjw
660,"Everytime I've truly needed help from our system, they act like they don't believe me.",xthbat
661,I want things to be normal,xth7xy
662,20F my vagina is too small,xth5zu
663,I‚Äôm bored of my friends and everyone around me.,xth4xj
664,My school id picture is FUGLY.,xth4dz
665,"I really wish ""so do you have kids?"" Wasn't a ""go to"" topic for social functions.",xth43f
666,I miss physical intimacy.,xtgzgk
667,My mom keeps masturbating besides me,xtgt79
668,"I never thought I would live past 17, and now idk what to do with my life",xtgrxo
669,i don't love my parents,xtgln0
670,I've been feeling pretty isolated recently i suppose,xtgkcg
671,Relapsed for the first time in years,xtgk35
672,Almost came in my pants at court today,xtgj0j
673,I moved to a new city yesterday and I hate it,xtgfjn
674,Dad has sexist double standards for me + my brothers,xtgd47
675,"I‚Äôm lost, can‚Äôt even realize what am I doing",xtgbov
676,I am annoyed over my birthday gift I received.,xtga2j
677,I think I'm failing at life...,xtg95i
678,What to do when you realise your parents are toxic?,xtg67i
679,Hey guys. I think I need some help.,xtfzc3
680,My online friend is dating a 19 years old,xtfy2l
681,"I feel romantically exhausted, am I just unlikeable?",xtfw8l
682,"I couldn‚Äôt keep a secret last year, and I still feel awful.",xtfv91
683,i want to ghost everyone i know,xtfuj4
684,I hate my new workplace,xtfq2i
685,Racist people make me wish I was never born,xtfow6
686,I'm having some suicidal thoughts.,xtfokz
687,I'm sick of being addicted to my phone,xtfnx1
688,Not sure where to start,xtflze
689,I‚Äôm in love but I‚Äôm afraid I‚Äôll be humiliated,xtflw4
690,I found this and kinda feeling it.,xtfjsn
691,I suddenly cannot talk to my mother without having panic attacks.,xtfhke
692,"27 years old, no friends",xtfhaf
693,As an American citizen I'm confused.,xtfdd2
694,i didn‚Äôt make him finish and now it‚Äôs bringing back memories,xtfdca
695,Is it just me?,xtfb7h
696,"Can't sleep, existential dread",xtf8dk
697,She is getting married.,xtf54c
698,"[TW suicide mention] I think the use of ""unaliving"" instead of ""suicide"" is problematic",xtf3x8
699,"Brother made us go outside during hurricane, was he wrong?",xtezcj
700,To realize you were cheated out a perfect life...,xteybw
701,i need some advice,xtey7h
702,I wish I was old enough to buy weed,xtey4l
703,I think my boyfriend is a misogynistic racist but I have no proof.,xtevzl
704,Ever had a forbidden crush ?,xtetb3
705,Politics exhaust me,xteplf
706,I just had a birthday party and it felt like no one really wanted to be there,xteodi
707,Had my first kiss with a stranger & not sure how to feel,xtenuk
708,I hate islam because of my family,xtem4n
709,I hate my twin sister who thinks she entitled to everything and better then me,xtelng
710,I‚Äôm thinking about killing myself tomorrow,xtekct
711,"Went to a strip club, but never told wife, feeling extremely guilty",xtek0s
712,I think I lost my best friend,xtejh8
713,Just need to vent,xtego1
714,Feeling betrayed by life,xtee8f
715,Waiting Until Medically Assisted Suicide Adds Mentally Ill People To Eligibility In My Country To Kill Myself,xtecq2
716,help advice needed,xtebeb
717,Men that fetishize wlw absolutely disgust me.,xte3h0
718,Why am I so unsuccessful,xte0x5
719,I hate being called rich,xte0sb
720,I wish I remembered,xtdzvr
721,Feeling alone and unwanted but also proud,xtdy3l
722,Imagining a character comforting me it's the only thing that have kept me sane,xtdvoh
723,I'm not sure I can propose,xtdtvc
724,I de-escalated what could've been the next big thing in brutality news.,xtdtoh
725,US of Meh,xtds8n
726,I hate love,xtds5p
727,I wish I loved my mom,xtdpsj
728,I hate the health care existing/ non existing insurance,xtdjts
729,"fuck biological family. idc if ""blood is thicker than water""",xtdium
730,I have to call CPS on my best friend,xtdetg
731,"My current state of mind is torturing me, causing me to be lost in my own head‚Ä¶ and it hurts. It really hurts.",xtdecd
732,am i a rapist ?,xtdcno
733,Why does snoring exist?,xtdah5
734,I don't know how to feel‚Ä¶,xtd9nv
735,I don't know,xtd933
736,Don't be my father's friend.,xtd4eb
737,"5 years trying to be independent, I'm so lonely I could die",xtd4cc
738,I feel like I lost 15+ years of my life to trauma,xtcvm2
739,So basically I have no friends,xtcst3
740,"Why do rich landlords buy houses, rent to seedy tenants that deteriorate neighborhoods?",xtcsoq
741,Not happy here.,xtcsay
742,"I pleaded for my brother to help me and he let me be sexually abused , he always hated me because I was dads favourite",xtcp43
743,My mom made me feel unlovable,xtcm4l
744,I‚Äôm so sick of these god damn ads,xtci7l
745,Feeling guilt,xtcfl1
746,My Mother has 3 months left to live and I am happy about it.,xtcekx
747,Did I 24M overreact ?,xtc4dj
748,Can't talk to you anymore,xtc3yx
749,"My crush asked me who my crush was, and I can‚Äôt tell him",xtc2rr
750,The people who sexually abused me and my utter insignificance,xtc033
751,A dream to a crush,xtbz3f
752,Anyone else in their 20s just winging it?,xtbxtm
753,"I love her, and I will admit it this week, I need encouraging",xtbwzy
754,GOD THEY ARE SO STUPID ITS FJLDKS:HGSDL,xtbww8
755,Is my therapist bad or am I overthinking?,xtbvej
756,My boyfriend thinks he‚Äôs not attractive enough,xtbtzf
757,I‚Äôm(15f) a lesbian and I don‚Äôt know how to deal with it,xtbsbi
758,I will be alone forever,xtbs46
759,What to do when your husband is an asshole?,xtbrtl
760,I wore white to someone else's wedding,xtbqzp
761,I feel like I act like a different person,xtbp6u
762,I am lucky to have my girlfriend,xtboov
763,I feel like a doll and I don't think it'll change,xtbo2n
764,There's nothing more depressing than your sibling knowing it's over for you....,xtblq1
765,My best friend drugged me!?,xtblcw
766,seeing someone nice :),xtbkso
767,I want space and not feel guilty about it,xtbj7s
768,Is my dad a good person?,xtbh4g
769,I'm a 26 year old woman and I just received my first buttplug EVER in the mail and IM SCARED,xtbghd
770,"I'm an AA battery, I guess.",xtbfxj
771,My girlfriend of two years broke up with me because she thinks she is a lesbian,xtbf63
772,My soulmate is dead,xtbex6
773,"42 years old, married with kids. Just realized I don‚Äôt think I‚Äôve ever been really loved the way I thought I was and given.",xtbe6e
774,I don‚Äôt think pregnant ladies look good.,xtbd6d
775,Hate my life,xtb85f
776,Living with my parents is making me depressed,xtb6vl
777,Coming to terms with it,xtb5b4
778,How do I deal with my boyfriend‚Äôs ex?,xtb3sd
779,I am afraid I may have cancer,xtb2da
780,A Poem for the Grave,xtb1ek
781,did something dumb,xtb0vn
782,"To my ex, to my first love. Fuck you.",xtayae
783,People can‚Äôt communicate and it makes me mad,xtay36
784,Studying abroad and facing long distance relationship again.,xtaxnm
785,my gf cant satisfy me,xtavg7
786,Moving Away,xtau68
787,Are you there yet?,xtarmr
788,Every night I want to kill myself I write a goodbye letter.,xtansl
789,I hysterically sob when I see a cat because of the guilt I feel over multiple cats in my lifetime.,xtan8n
790,I've become an NPC,xtakwc
791,Mom said I should do it.,xtajm7
792,I've just quit my job and I don't know what my next step is,xtaiwy
793,I could really use a hug right now,xtag2b
794,"I don't really know what to say, just that I feel so empty.",xtafkn
795,nsfw tw all that jazz. I was sexually assaulted by my grandad and my dad and i dont even care and i dont know why,xtaf6p
796,I‚Äôm pretty sure my grandmother molested me,xtacxc
797,got promoted i‚Äôm a director now,xtac6t
798,"[NSFW] Whenever I poop there's always a little bit left, so it's a mess and will have gas as there's still some inside.",xtablf
799,I‚Äôm going to need things to get markedly better or MUCH MUCH worse to stick this out.,xtaahs
800,Genuinely Considering If It‚Äôs Worth It To Be Around Other People,xta57x
801,Bro school making me want to die,xta4g1
802,I never experienced real empathy or any deeper emotions.,xta25r
803,I think I'm depressed,xta21y
804,I can‚Äôt comprehend emotions,xt9w7q
805,Ive killed 19 people and i havent been caugh yet,xt9t83
806,Having anxiety and depression is exhausting,xt9sm9
807,My family and friends are saying my GF (F18) is manipulative and I think they might be right,xt9r3x
808,i think im going crazy,xt9ph4
809,I physically cannot masturbate.,xt9nib
810,I cried in the liquor store parking lot for my birthday,xt9lv7
811,life feels stagnant,xt9kcb
812,Being mature and emotionally healthy sucks,xt9ji4
813,Being the first born sucks,xt9h2c
814,My mom yelled at me after my pregnancy announcement,xt9def
815,there's more important news than animals.,xt9ceh
816,I hate myself,xt9c7o
817,im a call center (discount department),xt99tg
818,I'm (31M) getting married in less than an hour,xt95fj
819,the girl i was planning a future with fell out of love and im devastated,xt93wc
820,It's NOT cute to say my dog likes you more.,xt92oo
821,Overthinking ... again,xt90v1
822,I will no longer be able to have contact with my girlfriend and I'm not sure what to do.,xt8tjs
823,I wish my bf would break up with me,xt8rae
824,I want to lose all contact with my older sister when I grow up.,xt8mwi
825,"Men, your dating preferences are antiblack and misogynoir, be honest !",xt8mrz
826,I have a little crush,xt8lqz
827,"I am 95% sure I have DID, have talked to doctors, and will be starting the process of getting tested in a few days. I am so tired.",xt8lau
828,Th guilt of my online past haunts me.,xt8jyf
829,I dream about moving somewhere where I can start over. Knowing nobody or few people,xt8f09
830,I wish I could just stop being so dramatic,xt8eyr
831,My Neighbors are currently making me want to hurt them,xt8dpe
832,My close friend had her child baptised today and I found out through Instagram stories.,xt87qs
833,MY MOM AND HER GF FINALLY BROKE UP,xt84q1
834,is it weird i (13m) am dating someone 3 years older than me?,xt82tc
835,I'm stuck in a shitty situation and I'm afraid of what I'm going to have to do next,xt82kf
836,I ghosted a girl just because i didn't want to talk to her and just enjoyed being on my own,xt81wo
837,I‚Äôm actually afraid of Black people,xt7zv1
838,"Feel like a failure, and just want it all to end.",xt7zdc
839,Stop glorifying obesity in the name of Body Positivity,xt7xys
840,"Scared of getting into a relationship, just scared in generalüôÅ (18F)",xt7rxm
841,i hate my mum so fucking much,xt7qir
842,I fear I will die alone,xt7pzw
843,I (32m) love my thicc fianc√© (31m). He hasn‚Äôt always been thicc and hates it. I am more attracted to him than ever.,xt7pem
844,I want to cut off my friend,xt7l2r
845,"Stop donating to major non for profits ! They aren‚Äôt helping anyone but themselves! Donate to local animal shelters and rescues , if you want to help people!!!",xt7jjs
846,I keep cheating on my wife but I don‚Äôt want to. Am I a sex addict?,xt7g4y
847,I fucking hate working second shift,xt7bqh
848,"If teachers wanted to ‚Äúindoctrinate‚Äù your kids, we‚Äôd start by making them do their work",xt7a7u
849,I miss my wife,xt79dp
850,My ex's behavior is painful,xt78r3
851,I need anyone to love me in any way,xt75x9
852,Got asked to work on a coworker's dad's funeral service,xt756f
853,I just want to give up,xt73kj
854,Feel like my friends just tolerate me,xt73hk
855,I'm jealous that my old classmate made friends at university because I couldn't,xt70wv
856,i‚Äôm ill a lot and feel like i‚Äôm losing friends,xt6wvs
857,"Went through my gf snapchat, wish I didn't.",xt6vfd
858,im sick of men feeling entitled to my body,xt6ucr
859,So jealous of anyone partying and drinking while I‚Äôm not,xt6soh
860,My online best friend of 2 years blocked me with no explanation and I feel shit,xt6s24
861,How being raped has effected me (M),xt6osw
862,I want to die but I can‚Äôt,xt6n0k
863,people have a video of my friend having intercourse with another boy from our school and I don't know how to tell her.,xt6mp5
864,I'm horrified and I can't pretend I'm not anymore.,xt6kbv
865,i feel so happy and sad at the same time and can't help but to cry,xt6jmo
866,I feel like my creativity is being suppressed,xt6ga6
867,I don‚Äôt even wanna type it,xt6g7b
868,"Cashiers, if you cannot multitask stop talking to me.",xt6b33
869,I wanna be a kid again..,xt6axf
870,My mum broke my bed ;-;,xt68gt
871,How do I make myself cry?,xt65h8
872,"Struggling with depression and loneliness but pushing through it, celebrating small wins",xt63wg
873,Life is hard. Really hard.,xt62zm
874,"I had an intimate encounter dream about the actress Millie bobby brown, now I don‚Äôt respect her as an actress",xt61qb
875,I keep pathetically wishing I had better parents,xt603w
876,I'm stuck,xt5zhc
877,My Separated Parents are Using me as a Communication Medium to Express Themselves to Each Other and it is Putting me in a Very Difficult Situation.,xt5r6d
878,i dont feel safe anymore,xt5qa0
879,I think my cousins might have sexually taken advantage of me as a child.,xt5ogi
880,I wanna run away from my Miley passive abusive mom,xt5nbl
881,I hate my father,xt5ir0
882,My ex tried contacting me an hour after my wedding ceremony,xt55tm
883,I want to go home,xt55mx
884,Got into an argument with my mom and had an epiphany,xt50kn
885,22 (m) i cant f**k,xt507g
886,Sisters ‚Äúfriend‚Äù harasses me,xt4wr6
887,"[NAW] I came very close to ending 20+ years of virginity, just to throw it out the window.",xt4vqw
888,Why am I so short?,xt4v3r
889,I wish it could have been different.,xt4ts8
890,I feel like I've been such a bad friend lately,xt4t39
891,should I stop,xt4rbf
892,"I love my friend, but he's with his girlfriend",xt4osu
893,I wish the mega-rich would go to their bunkers now,xt4mck
894,I don‚Äôt like most ***** people,xt4mbw
895,Your grandparents were alive when Emmett Till was murdered,xt4m4d
896,Sometimes I hate my mother,xt4ke6
897,I faked my death online.,xt4grt
898,Me having a lot of tattoos seems to make strangers think its the only thing I ever want to talk about.,xt4g3s
899,I feel lonely and lost in my life!,xt4fne
900,I may have spidey sense,xt4bct
901,i can't believe she's moving here,xt4agn
902,I hate my school and I can‚Äôt even tell my mom,xt47ka
903,I think my parents are getting a divorce.,xt46mi
904,Adding to the list of ridiculous things that bug me.,xt45e8
905,Lost my best friend and it‚Äôs all my fault,xt42vs
906,I went to therapy and couldn‚Äôt even say a word because I struggle to open up due to my parents and academic reasons.,xt42pu
907,I‚Äôm pissed and sad,xt41re
908,I think it's really hypocritical how it's such a popular thing to drag movies like Frozen that are played so often in the household and songs that play constantly on the radio when those same people find any excuse to talk about Marvel.,xt3uxy
909,We all gonna die one day so why is it bad that I kill myself?,xt3udr
910,I live in filth,xt3s8s
911,There is a reason why people don't like Christians,xt3qcw
912,"I cannot have sex, or masturbate due to an illness",xt3o6d
913,I know..,xt3np1
914,I‚Äôm not sure about how I feel about my life right now,xt3ld5
915,Everything I do is for attention and I can't stop,xt3haz
916,my step brother raped me and my step cousin and now we're pressing charges,xt3fbd
917,Anniversary of my Exes Death,xt3f01
918,I don‚Äôt know what to do. I‚Äôm lost.,xt3cya
919,I‚Äôm going to hell,xt3aao
920,Everyone tried to warn me.,xt34go
921,just found out I'm ugly,xt3486
922,I hate my best friend of 10 years,xt330l
923,Why is it so okay to be racist towards Chinese people?,xt2z2v
924,My (33m) yells at me and berates me (23f) and treats me poorly when he is stressed or triggered.,xt2mzt
925,My boyfriend's father's genes acted up,xt2j6r
926,I beat a guy up outside of Popeyes,xt2ivd
927,It annoys me how ugly h3h3productions is,xt2fvc
928,I hate you lida,xt2dxk
929,I had no other choice. I had to.,xt29hk
930,People have lost the art and importance in tone and it‚Äôs ruined a lot of relationships.,xt2878
931,It's not you it's me...It is you! Trauma spreader!,xt25w7
932,"I am fed up with Redditors who negate the life experiences of others just because they cannot wrap their heads around it. It is a waste of my time trying to share, thinking that we‚Äôll help each other to learn but the other party isn‚Äôt willing to consider the possibility of what I‚Äôm saying.",xt25qi
933,Feeling guilty for leaving the country,xt23xz
934,My date said it was gross that I have hair on my toes,xt22b9
935,I can't control my jealousy,xt21j7
936,I think I stole my friend's hat,xt1zty
937,"I have cancer. Your family drama is not important right now, Mom.",xt1v2j
938,Why Does APPLE Make It So Damned Hard To Book A Genius Bar Appointment?!?!?,xt1uue
939,Reaching out,xt1t27
940,I'm both regretful and glad that i never had a debut.,xt1sfr
941,I don‚Äôt think I‚Äôm loveable.,xt1rtk
942,"They're sick, and I just fall more in love",xt1pgn
943,I genuinely don't understand how people can eat loudly,xt1ooh
944,love is unfair,xt1o5c
945,1 year ago,xt1mt0
946,Sometimes I miss the days when my mental health was worse.,xt1me3
947,I dropped out of a project after i said i would help my friends doing it.,xt1gya
948,I miss my ex,xt1d9u
949,Getting punched in your guts every month should be illegal,xt1cp3
950,I‚Äôm about to have a deep conversation with my family about my abusive stepdad‚Äôs behaviour.,xt1c9u
951,Got a score of 6/100 in our comprehensive exam,xt1bj2
952,I'm really feeling like shit right now... I don't know what to do....,xt1baq
953,My friend called me chubby,xt17ni
954,I want a stranger dead,xt14ff
955,gf lied ab her age,xt121l
956,I hate you lida,xt10am
957,I am getting married in less than 6 hours... The clock is ticking and I feel like we could have a runaway bride on our hands...,xt102f
958,Choosing Me,xt100q
959,I‚Äôm a shitty bf,xt0zq8
960,Losing sexual interest with my partner,xt0tov
961,my housemates don't know i'm queer and i feel like a predator,xt0r9g
962,I wish to be killed by someone I love,xt0pc6
963,Navy vets are nicer,xt0fpr
964,Had to pay the locksmith a huge ammount of money for trying to use the key the wrong way,xt0d5v
965,i am tired of being fat,xt0bje
966,Did I try hard enough for this relationship?,xt0au0
967,No real friends,xt0acz
968,I don't love my girlfriend,xt08f9
969,I dont know what to do,xszzgb
970,"My (34F) husband (39M) catfished men online pretending to be me on and off for 3 years, then he catfished me twice",xszxut
971,I want to steal my sisters dog,xszrtk
972,"""Win at any cost"" coaches...FU!",xszhwr
973,im tired of my friend,xszelu
974,Attractive people are not nice to people who are different.,xsz4rj
975,I'm 18.. my life should be starting here but I feel like its over.,xsz4px
976,I feel a whole lot of emptiness.,xsz45j
977,I told her.,xsz00v
978,I'm thinking about killing myself,xsyzx7
979,found out my country is doing compulsory military service now,xsytaz
980,I have zero social life and I feel depressed because of it.,xsyouu
981,Traumatic experience with parents,xsyiqz
982,Am I Broken,xsy9b9
983,i hate being autistic,xsy7b7
984,It sucks having a high sex drive but no one being sexually attracted to you,xsy43i
985,___xxx___,xsxycv
986,Drew Aufalo is way more sexist than Andrew Tate,xsxr9u
987,Wish my crush is gay.,xsxr9p
988,I really don‚Äôt want to work.,xsxp4i
989,I'm too much of a hopeless romantic and it's very painful,xsxovf
